Название,Цена,Коробка передач,Привод,Мощность,Статус,Ссылка
"Продажа Toyota Alphard, 2024 год в Москве",20970000,автомат,4WD,190лс,Актуально,https://auto.drom.ru/moscow/toyota/alphard/477356513.html
"Продажа Toyota Alphard, 2024 год в Москве",18843000,вариатор,4WD,188лс,Актуально,https://auto.drom.ru/moscow/toyota/alphard/913284712.html
"Продажа Toyota Alphard, 2022 год во Владивостоке",6750000,вариатор,4WD,182лс,Актуально,https://auto.drom.ru/vladivostok/toyota/alphard/308969971.html
"Продажа Toyota Alphard, 2023 год во Владивостоке",13500000,вариатор,4WD,188лс,Актуально,https://auto.drom.ru/vladivostok/toyota/alphard/333959544.html
"Продажа Toyota Alphard, 2024 год во Владивостоке",18200000,вариатор,4WD,188лс,Актуально,https://auto.drom.ru/vladivostok/toyota/alphard/789775455.html
"Продажа Toyota Alphard, 2024 год в Иркутске",16700000,вариатор,4WD,188лс,Актуально,https://auto.drom.ru/irkutsk/toyota/alphard/148863288.html
"Продажа Toyota Alphard, 2024 год во Владивостоке",19300000,вариатор,4WD,188лс,Актуально,https://auto.drom.ru/vladivostok/toyota/alphard/668088686.html
"Продажа Toyota Alphard, 2023 год в Москве",16990000,автомат,4WD,190лс,Актуально,https://auto.drom.ru/moscow/toyota/alphard/645985900.html
"Продажа Toyota Alphard, 2023 год в Москве",20490000,автомат,4WD,182лс,Актуально,https://auto.drom.ru/moscow/toyota/alphard/188683259.html
"Продажа Toyota Alphard, 2024 год в Иркутске",16700000,вариатор,4WD,188лс,Актуально,https://auto.drom.ru/irkutsk/toyota/alphard/235907367.html
"Продажа Toyota Alphard, 2024 год в Москве",18990000,вариатор,4WD,188лс,Актуально,https://auto.drom.ru/moscow/toyota/alphard/713400433.html
"Продажа Toyota Alphard, 2024 год в Москве",20970000,автомат,4WD,190лс,Актуально,https://auto.drom.ru/moscow/toyota/alphard/505825776.html
"Продажа Toyota Alphard, 2023 год во Владивостоке",11900000,вариатор,4WD,190лс,Актуально,https://auto.drom.ru/vladivostok/toyota/alphard/945250339.html
"Продажа Toyota Alphard, 2024 год во Владивостоке",18180000,вариатор,4WD,188лс,Под заказ,https://auto.drom.ru/vladivostok/toyota/alphard/801082352.html
"Продажа Toyota Alphard, 2023 год в Новосибирске",13500000,вариатор,4WD,188лс,Под заказ,https://auto.drom.ru/novosibirsk/toyota/alphard/595062241.html
"Продажа Toyota Alphard, 2024 год во Владивостоке",7850000,вариатор,4WD,190лс,Под заказ,https://auto.drom.ru/vladivostok/toyota/alphard/913991465.html
"Продажа Toyota Alphard, 2023 год во Владивостоке",3360000,вариатор,4WD,152лс,Под заказ,https://auto.drom.ru/vladivostok/toyota/alphard/499143009.html
"Продажа Toyota Alphard, 2024 год во Владивостоке",6840000,вариатор,4WD,190лс,Под заказ,https://auto.drom.ru/vladivostok/toyota/alphard/670140921.html
"Продажа Toyota Alphard, 2024 год во Владивостоке",6750000,вариатор,передний,182лс,Под заказ,https://auto.drom.ru/vladivostok/toyota/alphard/231056082.html
"Продажа Toyota Alphard, 2023 год во Владивостоке",14995000,вариатор,4WD,188лс,Под заказ,https://auto.drom.ru/vladivostok/toyota/alphard/52625718.html
"Продажа Toyota Alphard, 2023 год во Владивостоке",15478000,вариатор,4WD,188лс,Под заказ,https://auto.drom.ru/vladivostok/toyota/alphard/52625624.html
"Продажа Toyota Alphard, 2024 год в Уссурийске",10500000,вариатор,4WD,190лс,Под заказ,https://auto.drom.ru/ussuriisk/toyota/alphard/475576721.html
"Продажа Toyota Alphard, 2023 год во Владивостоке",19660000,вариатор,4WD,188лс,Под заказ,https://auto.drom.ru/vladivostok/toyota/alphard/890097935.html
"Продажа Toyota Alphard, 2023 год во Владивостоке",19660000,вариатор,4WD,188лс,Под заказ,https://auto.drom.ru/vladivostok/toyota/alphard/869734380.html
"Продажа Toyota Alphard, 2023 год во Владивостоке",4000000,вариатор,4WD,152лс,Под заказ,https://auto.drom.ru/vladivostok/toyota/alphard/351981686.html
"Продажа Toyota Alphard, 2023 год во Владивостоке",8400000,вариатор,4WD,190лс,Под заказ,https://auto.drom.ru/vladivostok/toyota/alphard/53921253.html
"Продажа Toyota Alphard, 2022 год во Владивостоке",3950000,вариатор,4WD,152лс,Под заказ,https://auto.drom.ru/vladivostok/toyota/alphard/117023634.html
"Продажа Toyota Alphard, 2024 год во Владивостоке",8493400,вариатор,4WD,190лс,Под заказ,https://auto.drom.ru/vladivostok/toyota/alphard/167030703.html
"Продажа Toyota Alphard, 2023 год во Владивостоке",9118000,вариатор,4WD,182лс,Под заказ,https://auto.drom.ru/vladivostok/toyota/alphard/826829695.html
"Продажа Toyota Alphard, 2023 год во Владивостоке",12340000,вариатор,4WD,190лс,Под заказ,https://auto.drom.ru/vladivostok/toyota/alphard/184630126.html
"Продажа Toyota Alphard, 2024 год во Владивостоке",14230000,вариатор,4WD,190лс,Под заказ,https://auto.drom.ru/vladivostok/toyota/alphard/121426633.html
"Продажа Toyota Alphard, 2024 год во Владивостоке",9100000,вариатор,4WD,182лс,Под заказ,https://auto.drom.ru/vladivostok/toyota/alphard/750806409.html
"Продажа Toyota Alphard, 2024 год во Владивостоке",7500000,вариатор,передний,190лс,Под заказ,https://auto.drom.ru/vladivostok/toyota/alphard/172995620.html
